Saved_Data_2023_11_13_12_03_43.csv,
1,Saved_Data_2023_11_13_12_06_26.csv,Saved_Data_2023_11_13_12_06_37.csv,Saved_Data_2023_11_13_12_06_49.csv,Saved_Data_2023_11_13_12_07_02.csv,
2,Saved_Data_2023_11_13_12_09_42.csv,Saved_Data_2023_11_13_12_09_52.csv,Saved_Data_2023_11_13_12_10_05.csv,
3,
4,
5,Saved_Data_2023_11_13_12_15_19.csv,Saved_Data_2023_11_13_12_15_30.csv,Saved_Data_2023_11_13_12_15_43.csv,
6,
7,
8,Saved_Data_2023_11_13_13_41_07.csv,
9,Saved_Data_2023_11_13_13_41_15.csv,Saved_Data_2023_11_13_13_42_04.csv,
10,Saved_Data_2023_11_13_15_54_17.csv,
11,Saved_Data_2023_11_13_17_37_24.csv,
12,Saved_Data_2023_11_13_17_38_25.csv,
13,Saved_Data_2023_11_13_17_39_41.csv,
14,Saved_Data_2023_11_13_17_40_34.csv,Saved_Data_2023_11_13_17_41_36.csv,
15,Saved_Data_2023_11_13_17_41_40.csv,
16,Saved_Data_2023_11_13_17_41_43.csv,
17,Saved_Data_2023_11_13_17_41_46.csv,Saved_Data_2023_11_13_17_42_53.csv,
18,Saved_Data_2023_11_13_17_43_01.csv,
19,Saved_Data_2023_11_13_17_43_03.csv,
20,Saved_Data_2023_11_13_17_43_06.csv,
21,Saved_Data_2023_11_13_17_43_08.csv,
22,Saved_Data_2023_11_13_17_43_10.csv,
23,Saved_Data_2023_11_13_17_43_13.csv,
24,Saved_Data_2023_11_13_17_43_15.csv,
25,Saved_Data_2023_11_13_17_43_17.csv,
26,Saved_Data_2023_11_13_17_43_20.csv,
27,Saved_Data_2023_11_13_17_43_22.csv,
28,Saved_Data_2023_11_13_17_43_24.csv,
29,Saved_Data_2023_11_13_17_43_27.csv,